{"type": "metrics", "dataset": "train", "precision": 0.6424310216256525, "balanced_accuracy": 0.6527849124867556, "recall": 0.36450179818066425, "f1_score": 0.4651100013497098}
{"type": "metrics", "dataset": "test", "precision": 0.6387478849407784, "balanced_accuracy": 0.6676389234348441, "recall": 0.39549502357255106, "f1_score": 0.488515043675186}
{"type": "cm_matrix", "dataset": "train", "true_0": {"predicted_0": 15314, "predicte_1": 959}, "true_1": {"predicted_0": 3004, "predicted_1": 1723}}
{"type": "cm_matrix", "dataset": "test", "true_0": {"predicted_0": 6664, "predicte_1": 427}, "true_1": {"predicted_0": 1154, "predicted_1": 755}}
